Name,Latitude,Longitude,pop_buffer_hybrid,ho_size,EI_SubArea,PLN_Cabang,PROVINSI,XY_Source,full_population_2010_Census_BIG_method,distance_to_nearest_line_km,Desa,population_buffer_corrected,SettlementTargetElectrificationRate_2010Census,pop_outside_1kmBuffer,pop
820301000401,-2.263234,125.919245,1156,5.43,Sanana&Dofa,Ternate,MALUKU UTARA,BIG_Settlements,1156,0.156340397,8203010004,1156,1,0,0
820301000501,-2.185961,125.88403,314,4.91,Sanana&Dofa,Ternate,MALUKU UTARA,BIG_Settlements,314,1.88485222,8203010005,314,1,314,314
820301000502,-2.18147,125.89339,84,4.91,Sanana&Dofa,Ternate,MALUKU UTARA,BIG_Settlements,84,1.304207423,8203010005,84,1,84,84
820301000601,-2.155465,125.886326,1089,5.09,Sanana&Dofa,Ternate,MALUKU UTARA,BIG_Settlements,1089,1.672050896,8203010006,1089,1,1089,1089
820301000801,-2.193113,125.880975,1023,5.59,Sanana&Dofa,Ternate,MALUKU UTARA,BIG_Settlements,1023,1.934344214,8203010008,1023,1,1023,1023
820301000901,-2.107086,125.865308,735,4.51,Sanana&Dofa,Ternate,MALUKU UTARA,BIG_Settlements,735,0.763792294,8203010009,735,1,0,0
820301001001,-2.084364,125.858721,306,5.19,Sanana&Dofa,Ternate,MALUKU UTARA,BIG_Settlements,306,0.994967676,8203010010,306,1,0,0
820301100101,-2.401175,125.972846,1419,6.22,Sanana&Dofa,Ternate,MALUKU UTARA,BIG_Settlements,1419,0.039900508,8203011001,1419,1,0,0
820301100201,-2.361082,125.960659,907,6.21,Sanana&Dofa,Ternate,MALUKU UTARA,BIG_Settlements,907,0.072569011,8203011002,907,1,0,0
820301100301,-2.289962,125.935381,749,5.26,Sanana&Dofa,Ternate,MALUKU UTARA,BIG_Settlements,749,0.144795397,8203011003,749,1,0,0
820301100302,-2.28755,125.932552,93,5.26,Sanana&Dofa,Ternate,MALUKU UTARA,BIG_Settlements,93,0.158510819,8203011003,93,1,0,0
820301100401,-2.325511,125.959436,622,5.14,Sanana&Dofa,Ternate,MALUKU UTARA,BIG_Settlements,622,1.136579222,8203011004,622,1,622,622
820301100501,-2.357481,125.960481,508,6.12,Sanana&Dofa,Ternate,MALUKU UTARA,BIG_Settlements,508,0.128962042,8203011005,508,1,0,0
820302001501,-2.141289,125.957307,190,5.33,Sanana&Dofa,Ternate,MALUKU UTARA,BIG_Settlements,1128,0.341806764,8203020015,331,0.29,0,0
820302001502,-2.132538,125.958803,141,5.33,Sanana&Dofa,Ternate,MALUKU UTARA,BIG_Settlements,837,0.004814955,8203020015,0,0,0,0
820302001701,-2.12945,125.958394,54,5.48,Sanana&Dofa,Ternate,MALUKU UTARA,BIG_Settlements,579,0.0279137,8203020017,0,0,0,0
820302001702,-2.111659,125.96085,26,5.48,Sanana&Dofa,Ternate,MALUKU UTARA,BIG_Settlements,281,0.210098112,8203020017,80,0.29,0,0
820302001801,-2.107754,125.962094,56,5.47,Sanana&Dofa,Ternate,MALUKU UTARA,BIG_Settlements,1127,0.242636494,8203020018,56,0.05,0,0
820302001901,-2.093898,125.965833,0,5.59,Sanana&Dofa,Ternate,MALUKU UTARA,BIG_Settlements,640,0.104381705,8203020019,0,0,0,0
820302001902,-2.08879,125.968268,0,5.59,Sanana&Dofa,Ternate,MALUKU UTARA,BIG_Settlements,1505,0.513636471,8203020019,0,0,0,0
820302002001,-2.084338,125.970322,250,5.27,Sanana&Dofa,Ternate,MALUKU UTARA,BIG_Settlements,1022,0.717016173,8203020020,456,0.45,0,0
820302002002,-2.082326,125.971106,30,5.27,Sanana&Dofa,Ternate,MALUKU UTARA,BIG_Settlements,121,0.478619268,8203020020,0,0,0,0
820302002003,-2.079256,125.97191,29,5.27,Sanana&Dofa,Ternate,MALUKU UTARA,BIG_Settlements,119,0.13080114,8203020020,0,0,0,0
820302002004,-2.0762,125.974231,147,5.27,Sanana&Dofa,Ternate,MALUKU UTARA,BIG_Settlements,603,0.296357654,8203020020,0,0,0,0
820302002101,-2.073948,125.976154,33,5.48,Sanana&Dofa,Ternate,MALUKU UTARA,BIG_Settlements,177,0.621810314,8203020021,177,1,0,0
820302002102,-2.072015,125.97682,10,5.48,Sanana&Dofa,Ternate,MALUKU UTARA,BIG_Settlements,56,0.403447886,8203020021,56,1,0,0
820302002103,-2.06964,125.979527,667,5.48,Sanana&Dofa,Ternate,MALUKU UTARA,BIG_Settlements,3622,0.079327385,8203020021,477,0.13,0,0
820302002201,-2.0655,125.981374,685,4.7,Sanana&Dofa,Ternate,MALUKU UTARA,BIG_Settlements,3427,0.150246335,8203020022,685,0.2,0,0
820302002301,-2.061348,125.981347,301,4.74,Sanana&Dofa,Ternate,MALUKU UTARA,BIG_Settlements,1555,0.206367942,8203020023,301,0.19,0,0
820302002401,-2.058148,125.979462,361,5.11,Sanana&Dofa,Ternate,MALUKU UTARA,BIG_Settlements,2812,0.089067578,8203020024,361,0.13,0,0
820302002501,-2.054564,125.980891,1326,5.43,Sanana&Dofa,Ternate,MALUKU UTARA,BIG_Settlements,4058,0.034300608,8203020025,1326,0.33,0,0
820302002601,-2.054053,125.968802,476,5.37,Sanana&Dofa,Ternate,MALUKU UTARA,BIG_Settlements,1513,1.302865337,8203020026,476,0.31,1513,1513
820302100101,-2.315438,126.022707,20,5.14,Sanana&Dofa,Ternate,MALUKU UTARA,BIG_Settlements,183,0.032678436,8203021001,45,0.24,0,0
820302100102,-2.314341,126.022523,9,5.14,Sanana&Dofa,Ternate,MALUKU UTARA,BIG_Settlements,77,0.140473609,8203021001,77,1,0,0
820302100103,-2.310452,126.021053,93,5.14,Sanana&Dofa,Ternate,MALUKU UTARA,BIG_Settlements,835,0.009596763,8203021001,0,0,0,0
820302100201,-2.265728,126.003832,84,6.12,Sanana&Dofa,Ternate,MALUKU UTARA,BIG_Settlements,901,0.104510312,8203021002,92,0.1,0,0
820302100202,-2.261651,126.00044,8,6.12,Sanana&Dofa,Ternate,MALUKU UTARA,BIG_Settlements,90,0.097250277,8203021002,0,0,0,0
820302100301,-2.217891,125.977561,13,5.84,Sanana&Dofa,Ternate,MALUKU UTARA,BIG_Settlements,281,0.092762726,8203021003,0,0,0,0
820302100302,-2.215962,125.976783,20,5.84,Sanana&Dofa,Ternate,MALUKU UTARA,BIG_Settlements,437,0.132791577,8203021003,33,0.08,0,0
820302100499,-2.23900372802592,125.97188742268,210,5.08,Sanana&Dofa,Ternate,MALUKU UTARA,BPS_Centroids,671,1.604945348,8203021004,210,0.31,671,671
820302100501,-2.197214,125.968863,95,5,Sanana&Dofa,Ternate,MALUKU UTARA,BIG_Settlements,515,0.042291165,8203021005,0,0,0,0
820302100502,-2.165268,125.95619,317,5,Sanana&Dofa,Ternate,MALUKU UTARA,BIG_Settlements,1719,0.292098725,8203021005,412,0.24,0,0
820302100601,-2.332486,126.031502,19,5.5,Sanana&Dofa,Ternate,MALUKU UTARA,BIG_Settlements,33,0.136573964,8203021006,0,0,0,0
820302100602,-2.32399,126.018903,108,5.5,Sanana&Dofa,Ternate,MALUKU UTARA,BIG_Settlements,187,0.217002526,8203021006,127,0.68,0,0
820302200101,-2.463347,126.025577,636,5.34,Sanana&Dofa,Ternate,MALUKU UTARA,BIG_Settlements,636,7.509256105,8203022001,636,1,636,636
820302200201,-2.461538,126.063259,21,4.98,Sanana&Dofa,Ternate,MALUKU UTARA,BIG_Settlements,21,5.931558402,8203022002,21,1,21,21
820302200202,-2.456809,126.066252,132,4.98,Sanana&Dofa,Ternate,MALUKU UTARA,BIG_Settlements,132,5.410888434,8203022002,132,1,132,132
820302200203,-2.453355,126.0682,51,4.98,Sanana&Dofa,Ternate,MALUKU UTARA,BIG_Settlements,51,5.04249353,8203022002,51,1,51,51
820302200204,-2.450169,126.062116,30,4.98,Sanana&Dofa,Ternate,MALUKU UTARA,BIG_Settlements,30,4.682763741,8203022002,30,1,30,30
820302200205,-2.431369,126.070769,269,4.98,Sanana&Dofa,Ternate,MALUKU UTARA,BIG_Settlements,269,2.688925116,8203022002,269,1,269,269
820302200301,-2.39741,126.059523,465,6.11,Sanana&Dofa,Ternate,MALUKU UTARA,BIG_Settlements,465,0.099654414,8203022003,465,1,0,0
820302200302,-2.391966,126.058839,213,6.11,Sanana&Dofa,Ternate,MALUKU UTARA,BIG_Settlements,213,0.065885301,8203022003,213,1,0,0
820302200401,-2.365467,126.044352,463,5.58,Sanana&Dofa,Ternate,MALUKU UTARA,BIG_Settlements,463,0.136081003,8203022004,463,1,0,0
820302200501,-2.430087,126.07028,422,6.64,Sanana&Dofa,Ternate,MALUKU UTARA,BIG_Settlements,422,2.53825491,8203022005,422,1,422,422
820302200502,-2.409419,126.065873,26,6.64,Sanana&Dofa,Ternate,MALUKU UTARA,BIG_Settlements,26,0.227384439,8203022005,26,1,0,0
820302200503,-2.405849,126.06388,163,6.64,Sanana&Dofa,Ternate,MALUKU UTARA,BIG_Settlements,163,0.019281379,8203022005,163,1,0,0
820302200601,-2.381592,126.052243,209,6.15,Sanana&Dofa,Ternate,MALUKU UTARA,BIG_Settlements,209,0.047403345,8203022006,209,1,0,0
820302300101,-2.005558,125.968734,18,4.93,Sanana&Dofa,Ternate,MALUKU UTARA,BIG_Settlements,862,0.124730367,8203023001,0,0,0,0
820302300102,-1.988873,125.95346,6,4.93,Sanana&Dofa,Ternate,MALUKU UTARA,BIG_Settlements,282,0.193024542,8203023001,24,0.09,0,0
820302300201,-1.982361,125.933362,14,5.57,Sanana&Dofa,Ternate,MALUKU UTARA,BIG_Settlements,82,0.07951607,8203023002,0,0,0,0
820302300202,-1.98024,125.932954,102,5.57,Sanana&Dofa,Ternate,MALUKU UTARA,BIG_Settlements,598,0.134144045,8203023002,116,0.19,0,0
820302300301,-2.023149,125.876059,893,4.83,Sanana&Dofa,Ternate,MALUKU UTARA,BIG_Settlements,893,0.369171381,8203023003,893,1,0,0
820302300499,-2.0056625022173,125.974017988079,732,6.36,Sanana&Dofa,Ternate,MALUKU UTARA,BPS_Centroids,1392,0.367275048,8203023004,732,0.53,0,0
820302300501,-2.03425,125.990729,0,5.32,Sanana&Dofa,Ternate,MALUKU UTARA,BIG_Settlements,894,0.063844186,8203023005,0,0,0,0
820302300601,-1.986228,125.901588,39,4.53,Sanana&Dofa,Ternate,MALUKU UTARA,BIG_Settlements,39,0.108705084,8203023006,39,1,0,0
820302300602,-1.986079,125.903961,10,4.53,Sanana&Dofa,Ternate,MALUKU UTARA,BIG_Settlements,10,0.130491736,8203023006,10,1,0,0
820302300603,-1.985766,125.902396,35,4.53,Sanana&Dofa,Ternate,MALUKU UTARA,BIG_Settlements,35,0.047051107,8203023006,35,1,0,0
820302300604,-1.985669,125.89963,222,4.53,Sanana&Dofa,Ternate,MALUKU UTARA,BIG_Settlements,222,0.126735951,8203023006,222,1,0,0
820302300605,-1.983041,125.913774,38,4.53,Sanana&Dofa,Ternate,MALUKU UTARA,BIG_Settlements,38,0.071574953,8203023006,38,1,0,0
820302300701,-2.044921,125.865446,328,5.38,Sanana&Dofa,Ternate,MALUKU UTARA,BIG_Settlements,328,0.580198954,8203023007,328,1,0,0
820303000601,-1.91519,125.983668,195,5.57,Sanana&Dofa,Ternate,MALUKU UTARA,BIG_Settlements,1850,0.149560673,8203030006,195,0.11,0,0
820303000701,-1.888912,126.046913,31,4.89,Sanana&Dofa,Ternate,MALUKU UTARA,BIG_Settlements,75,0.922752908,8203030007,0,0,0,0
820303000702,-1.882403,126.065826,221,4.89,Sanana&Dofa,Ternate,MALUKU UTARA,BIG_Settlements,540,0.138358129,8203030007,0,0,0,0
820303000703,-1.871607,126.035071,78,4.89,Sanana&Dofa,Ternate,MALUKU UTARA,BIG_Settlements,191,2.48920176,8203030007,171,0.9,191,191
820303000704,-1.862381,126.043118,111,4.89,Sanana&Dofa,Ternate,MALUKU UTARA,BIG_Settlements,270,2.776441876,8203030007,270,1,270,270
820303000801,-1.8848,126.118316,8,4.51,Sanana&Dofa,Ternate,MALUKU UTARA,BIG_Settlements,74,2.559333121,8203030008,61,0.82,74,74
820303000802,-1.881879,126.110066,53,4.51,Sanana&Dofa,Ternate,MALUKU UTARA,BIG_Settlements,499,1.596369514,8203030008,0,0,499,499
820303000901,-1.897253,126.022013,25,5.29,Sanana&Dofa,Ternate,MALUKU UTARA,BIG_Settlements,174,0.167218604,8203030009,0,0,0,0
820303000902,-1.884617,126.033108,12,5.29,Sanana&Dofa,Ternate,MALUKU UTARA,BIG_Settlements,81,1.110030551,8203030009,0,0,81,81
820303000903,-1.870847,126.03435,18,5.29,Sanana&Dofa,Ternate,MALUKU UTARA,BIG_Settlements,126,2.587304759,8203030009,56,0.44,126,126
820303001001,-1.917301,125.962402,63,6.01,Sanana&Dofa,Ternate,MALUKU UTARA,BIG_Settlements,421,0.137031469,8203030010,63,0.15,0,0
820303100101,-1.919889,125.766703,667,4.48,Sanana&Dofa,Ternate,MALUKU UTARA,BIG_Settlements,667,11.98229892,8203031001,667,1,667,667
820303100201,-1.909412,125.874846,195,4.84,Sanana&Dofa,Ternate,MALUKU UTARA,BIG_Settlements,1366,0.122553468,8203031002,195,0.14,0,0
820303100301,-1.925986,125.895169,112,5.01,Sanana&Dofa,Ternate,MALUKU UTARA,BIG_Settlements,259,0.046212724,8203031003,46,0.18,0,0
820303100302,-1.9224,125.890107,39,5.01,Sanana&Dofa,Ternate,MALUKU UTARA,BIG_Settlements,91,0.34871489,8203031003,91,1,0,0
820303100303,-1.920739,125.887304,11,5.01,Sanana&Dofa,Ternate,MALUKU UTARA,BIG_Settlements,26,0.59834912,8203031003,26,1,0,0
820303100401,-1.823382,125.812653,222,4.99,Sanana&Dofa,Ternate,MALUKU UTARA,BIG_Settlements,222,11.64251603,8203031004,222,1,222,222
820303100402,-1.809217,125.870094,304,4.99,Sanana&Dofa,Ternate,MALUKU UTARA,BIG_Settlements,304,11.01549704,8203031004,304,1,304,304
820303100403,-1.798491,125.949087,113,4.99,Sanana&Dofa,Ternate,MALUKU UTARA,BIG_Settlements,113,13.04805238,8203031004,113,1,113,113
820303100501,-1.92674,125.936091,1471,5.39,Sanana&Dofa,Ternate,MALUKU UTARA,BIG_Settlements,2065,0.203326601,8203031005,1682,0.81,0,0
820303100502,-1.919842,125.947425,211,5.39,Sanana&Dofa,Ternate,MALUKU UTARA,BIG_Settlements,297,0.103709169,8203031005,0,0,0,0
820303100601,-1.934608,125.903871,161,5.18,Sanana&Dofa,Ternate,MALUKU UTARA,BIG_Settlements,404,0.209845993,8203031006,161,0.4,0,0
820303100701,-1.919974,125.886498,1,4.67,Sanana&Dofa,Ternate,MALUKU UTARA,BIG_Settlements,9,0.476759922,8203031007,9,1,0,0
820303100702,-1.913417,125.880649,21,4.67,Sanana&Dofa,Ternate,MALUKU UTARA,BIG_Settlements,276,0.067132578,8203031007,13,0.05,0,0
820303100801,-1.909581,125.804672,282,4.55,Sanana&Dofa,Ternate,MALUKU UTARA,BIG_Settlements,282,7.697133484,8203031008,282,1,282,282
820303200101,-1.883743,126.164305,789,5.9,Sanana&Dofa,Ternate,MALUKU UTARA,BIG_Settlements,1264,2.476896211,8203032001,684,0.54,1264,1264
820303200102,-1.815756,126.208502,173,5.9,Sanana&Dofa,Ternate,MALUKU UTARA,BIG_Settlements,277,10.73510857,8203032001,277,1,277,277
820303200201,-1.866336,126.207432,167,5.35,Sanana&Dofa,Ternate,MALUKU UTARA,BIG_Settlements,401,7.588363831,8203032002,167,0.42,401,401
820303200301,-1.866913,126.260597,1086,6.14,Sanana&Dofa,Ternate,MALUKU UTARA,BIG_Settlements,1086,13.34745831,8203032003,1086,1,1086,1086
820303200302,-1.826565,126.291887,197,6.14,Sanana&Dofa,Ternate,MALUKU UTARA,BIG_Settlements,197,17.91657917,8203032003,197,1,197,197
820303200303,-1.821896,126.276214,204,6.14,Sanana&Dofa,Ternate,MALUKU UTARA,BIG_Settlements,204,16.52380974,8203032003,204,1,204,204
820303200401,-1.828733,126.481016,348,6.21,Sanana&Dofa,Ternate,MALUKU UTARA,BIG_Settlements,348,38.23091549,8203032004,348,1,348,348
820304000101,-1.882638,125.379373,754,4.49,Sanana&Dofa,Ternate,MALUKU UTARA,BIG_Settlements,754,7.596978095,8203040001,754,1,754,754
820304000102,-1.881921,125.376721,552,4.49,Sanana&Dofa,Ternate,MALUKU UTARA,BIG_Settlements,552,7.384276976,8203040001,552,1,552,552
820304000201,-1.806076,125.354352,455,4.41,Sanana&Dofa,Ternate,MALUKU UTARA,BIG_Settlements,2124,2.123364019,8203040002,455,0.21,2124,2124
820304000301,-1.784736,125.409467,489,3.88,Sanana&Dofa,Ternate,MALUKU UTARA,BIG_Settlements,1519,1.13874124,8203040003,489,0.32,1519,1519
820304000401,-1.795195,125.453147,467,4.37,Sanana&Dofa,Ternate,MALUKU UTARA,BIG_Settlements,796,6.082145232,8203040004,467,0.59,796,796
820304001501,-1.839113,125.3301,335,4.66,Sanana&Dofa,Ternate,MALUKU UTARA,BIG_Settlements,1122,2.453159073,8203040015,335,0.3,1122,1122
820304001601,-1.860787,125.365779,40,5.53,Sanana&Dofa,Ternate,MALUKU UTARA,BIG_Settlements,40,4.753128057,8203040016,40,1,40,40
820304001602,-1.845726,125.372268,43,5.53,Sanana&Dofa,Ternate,MALUKU UTARA,BIG_Settlements,43,3.911692916,8203040016,43,1,43,43
820304001799,-1.88536817360541,125.436786217232,134,4.62,Sanana&Dofa,Ternate,MALUKU UTARA,BPS_Centroids,134,10.43807982,8203040017,134,1,134,134
820304100101,-1.792136,125.478671,4459,4.17,Sanana&Dofa,Ternate,MALUKU UTARA,BIG_Settlements,6880,8.776823732,8203041001,4459,0.65,6880,6880
820304100201,-1.811336,125.583322,362,4.31,Sanana&Dofa,Ternate,MALUKU UTARA,BIG_Settlements,362,20.61142567,8203041002,362,1,362,362
820304100301,-1.779039,125.510781,19,4.26,Sanana&Dofa,Ternate,MALUKU UTARA,BIG_Settlements,19,12.23232539,8203041003,19,1,19,19
820304100302,-1.779117,125.513554,437,4.26,Sanana&Dofa,Ternate,MALUKU UTARA,BIG_Settlements,437,12.54085828,8203041003,437,1,437,437
820304100303,-1.779199,125.50932,547,4.26,Sanana&Dofa,Ternate,MALUKU UTARA,BIG_Settlements,547,12.06975522,8203041003,547,1,547,547
820304100304,-1.778676,125.508564,33,4.26,Sanana&Dofa,Ternate,MALUKU UTARA,BIG_Settlements,33,11.98576871,8203041003,33,1,33,33
820304100305,-1.778611,125.510579,19,4.26,Sanana&Dofa,Ternate,MALUKU UTARA,BIG_Settlements,19,12.21000276,8203041003,19,1,19,19
820304100306,-1.778512,125.510177,24,4.26,Sanana&Dofa,Ternate,MALUKU UTARA,BIG_Settlements,24,12.16533601,8203041003,24,1,24,24
820304100401,-1.828103,125.681346,221,4.04,Sanana&Dofa,Ternate,MALUKU UTARA,BIG_Settlements,221,23.20248753,8203041004,221,1,221,221
820304100402,-1.821017,125.732701,276,4.04,Sanana&Dofa,Ternate,MALUKU UTARA,BIG_Settlements,276,18.46117439,8203041004,276,1,276,276
820304100501,-1.806527,125.526011,464,4.26,Sanana&Dofa,Ternate,MALUKU UTARA,BIG_Settlements,464,14.25018861,8203041005,464,1,464,464
820304100601,-1.822223,125.608997,476,4.58,Sanana&Dofa,Ternate,MALUKU UTARA,BIG_Settlements,476,23.64249163,8203041006,476,1,476,476
820304100799,-1.84303311821017,125.578724718151,358,3.62,Sanana&Dofa,Ternate,MALUKU UTARA,BPS_Centroids,358,21.00940283,8203041007,358,1,358,358
820304200199,-1.89509999084457,125.494369203004,909,5.08,Sanana&Dofa,Ternate,MALUKU UTARA,BPS_Centroids,909,15.71468617,8203042001,909,1,909,909
820304200201,-1.928746,125.582451,1326,4.84,Sanana&Dofa,Ternate,MALUKU UTARA,BIG_Settlements,1326,25.92483674,8203042002,1326,1,1326,1326
820304200202,-1.928059,125.58182,30,4.84,Sanana&Dofa,Ternate,MALUKU UTARA,BIG_Settlements,30,25.82569713,8203042002,30,1,30,30
820304200401,-1.930689,125.664321,107,4.92,Sanana&Dofa,Ternate,MALUKU UTARA,BIG_Settlements,107,23.43520418,8203042004,107,1,107,107
820304200402,-1.930765,125.66296,329,4.92,Sanana&Dofa,Ternate,MALUKU UTARA,BIG_Settlements,329,23.58668869,8203042004,329,1,329,329
820304200403,-1.930482,125.660418,481,4.92,Sanana&Dofa,Ternate,MALUKU UTARA,BIG_Settlements,481,23.86491091,8203042004,481,1,481,481
820304200404,-1.930152,125.664861,38,4.92,Sanana&Dofa,Ternate,MALUKU UTARA,BIG_Settlements,38,23.36943072,8203042004,38,1,38,38
820304200501,-1.929038,125.705704,53,5.38,Sanana&Dofa,Ternate,MALUKU UTARA,BIG_Settlements,53,18.83884813,8203042005,53,1,53,53
820304200502,-1.929002,125.706702,186,5.38,Sanana&Dofa,Ternate,MALUKU UTARA,BIG_Settlements,186,18.72812054,8203042005,186,1,186,186
820304200503,-1.928915,125.704492,161,5.38,Sanana&Dofa,Ternate,MALUKU UTARA,BIG_Settlements,161,18.97117744,8203042005,161,1,161,161
820304200504,-1.928673,125.712029,95,5.38,Sanana&Dofa,Ternate,MALUKU UTARA,BIG_Settlements,95,18.13535048,8203042005,95,1,95,95
820304200505,-1.928774,125.704843,183,5.38,Sanana&Dofa,Ternate,MALUKU UTARA,BIG_Settlements,183,18.93058533,8203042005,183,1,183,183
820304200601,-1.929874,125.678848,767,5.15,Sanana&Dofa,Ternate,MALUKU UTARA,BIG_Settlements,767,21.81839464,8203042006,767,1,767,767
820305000601,-1.734613,125.197811,927,4.27,Sanana&Dofa,Ternate,MALUKU UTARA,BIG_Settlements,927,19.09098983,8203050006,927,1,927,927
820305000701,-1.700103,125.108218,870,5.3,Sanana&Dofa,Ternate,MALUKU UTARA,BIG_Settlements,870,29.66241041,8203050007,870,1,870,870
820305000801,-1.791008,125.284628,1078,4.04,Sanana&Dofa,Ternate,MALUKU UTARA,BIG_Settlements,1078,7.617677053,8203050008,1078,1,1078,1078
820305000901,-1.788824,125.073945,80,3.9,Sanana&Dofa,Ternate,MALUKU UTARA,BIG_Settlements,80,30.42582152,8203050009,80,1,80,80
820305000902,-1.761648,125.099186,166,3.9,Sanana&Dofa,Ternate,MALUKU UTARA,BIG_Settlements,166,28.20789619,8203050009,166,1,166,166
820305000903,-1.761269,125.095929,421,3.9,Sanana&Dofa,Ternate,MALUKU UTARA,BIG_Settlements,421,28.56977199,8203050009,421,1,421,421
820305100101,-1.925645,124.895744,588,4.26,Sanana&Dofa,Ternate,MALUKU UTARA,BIG_Settlements,588,51.28372143,8203051001,588,1,588,588
820305100201,-1.926499,124.945261,910,4.08,Sanana&Dofa,Ternate,MALUKU UTARA,BIG_Settlements,910,45.95004372,8203051002,910,1,910,910
820305100301,-1.930727,124.989058,991,5.39,Sanana&Dofa,Ternate,MALUKU UTARA,BIG_Settlements,991,41.37962389,8203051003,991,1,991,991
820305100401,-1.911728,125.016,525,5.66,Sanana&Dofa,Ternate,MALUKU UTARA,BIG_Settlements,525,37.92338338,8203051004,525,1,525,525
820305100402,-1.876174,125.033305,448,5.66,Sanana&Dofa,Ternate,MALUKU UTARA,BIG_Settlements,448,35.20461336,8203051004,448,1,448,448
820305100501,-1.871689,125.156954,528,4.71,Sanana&Dofa,Ternate,MALUKU UTARA,BIG_Settlements,528,21.63268473,8203051005,528,1,528,528
820305100601,-1.885638,125.081022,276,4.6,Sanana&Dofa,Ternate,MALUKU UTARA,BIG_Settlements,276,30.20469255,8203051006,276,1,276,276
820305100701,-1.874405,125.136235,265,4.65,Sanana&Dofa,Ternate,MALUKU UTARA,BIG_Settlements,265,23.94178195,8203051007,265,1,265,265
820305100801,-1.870348,125.230109,179,4.37,Sanana&Dofa,Ternate,MALUKU UTARA,BIG_Settlements,179,13.83979653,8203051008,179,1,179,179
820305100901,-1.887931,125.290572,207,5.05,Sanana&Dofa,Ternate,MALUKU UTARA,BIG_Settlements,207,9.40365759,8203051009,207,1,207,207
820305101099,-1.85437549633393,125.211372513883,149,4.52,Sanana&Dofa,Ternate,MALUKU UTARA,BPS_Centroids,149,15.29701545,8203051010,149,1,149,149
820306000101,-1.946166,124.384134,1170,4.48,Sanana&Dofa,Ternate,MALUKU UTARA,BIG_Settlements,1800,0.428896372,8203060001,1160,0.64,0,0
820306000102,-1.9424,124.381264,12,4.48,Sanana&Dofa,Ternate,MALUKU UTARA,BIG_Settlements,18,0.52718417,8203060001,18,1,0,0
820306000103,-1.941763,124.38028,6,4.48,Sanana&Dofa,Ternate,MALUKU UTARA,BIG_Settlements,9,0.561450576,8203060001,9,1,0,0
820306000401,-2.009094,124.54392,1368,4.23,Sanana&Dofa,Ternate,MALUKU UTARA,BIG_Settlements,1368,19.035095,8203060004,1368,1,1368,1368
820306000402,-1.951105,124.562219,76,4.23,Sanana&Dofa,Ternate,MALUKU UTARA,BIG_Settlements,76,19.62821163,8203060004,76,1,76,76
820306001601,-2.028819,124.39746,180,4.53,Sanana&Dofa,Ternate,MALUKU UTARA,BIG_Settlements,180,9.585209034,8203060016,180,1,180,180
820306001602,-2.002381,124.398429,382,4.53,Sanana&Dofa,Ternate,MALUKU UTARA,BIG_Settlements,382,6.725375965,8203060016,382,1,382,382
820306001801,-1.790492,124.315619,1669,4.6,Sanana&Dofa,Ternate,MALUKU UTARA,BIG_Settlements,1669,4.175294273,8203060018,1669,1,1669,1669
820306002101,-1.899325,124.342524,209,3.95,Sanana&Dofa,Ternate,MALUKU UTARA,BIG_Settlements,1138,0.13767062,8203060021,209,0.18,0,0
820306002201,-1.905909,124.344006,60,3.93,Sanana&Dofa,Ternate,MALUKU UTARA,BIG_Settlements,275,0.163491396,8203060022,60,0.22,0,0
820306002301,-2.04431,124.404498,676,3.6,Sanana&Dofa,Ternate,MALUKU UTARA,BIG_Settlements,676,11.39744586,8203060023,676,1,676,676
820306002401,-2.019805,124.478153,64,4.35,Sanana&Dofa,Ternate,MALUKU UTARA,BIG_Settlements,64,13.32158802,8203060024,64,1,64,64
820306002402,-1.951473,124.467342,146,4.35,Sanana&Dofa,Ternate,MALUKU UTARA,BIG_Settlements,146,9.10193736,8203060024,146,1,146,146
820306002403,-1.963745,124.508609,37,4.35,Sanana&Dofa,Ternate,MALUKU UTARA,BIG_Settlements,37,13.83738195,8203060024,37,1,37,37
820306002599,-1.95211515405292,124.454148706781,35,3.18,Sanana&Dofa,Ternate,MALUKU UTARA,BPS_Centroids,35,7.653140723,8203060025,35,1,35,35
820306002601,-1.954762,124.38357,479,4.23,Sanana&Dofa,Ternate,MALUKU UTARA,BIG_Settlements,1075,1.351932107,8203060026,479,0.45,1075,1075
820306002799,-1.90113987195747,124.370874385038,77,3.85,Sanana&Dofa,Ternate,MALUKU UTARA,BPS_Centroids,77,1.805677629,8203060027,77,1,77,77
820306100101,-1.646366,124.556256,1289,3.91,Sanana&Dofa,Ternate,MALUKU UTARA,BIG_Settlements,1289,9.124087262,8203061001,1289,1,1289,1289
820306100201,-1.653226,124.693876,714,5.17,Sanana&Dofa,Ternate,MALUKU UTARA,BIG_Settlements,714,24.23156314,8203061002,714,1,714,714
820306100301,-1.68008,124.807554,1228,4.37,Sanana&Dofa,Ternate,MALUKU UTARA,BIG_Settlements,1228,36.88004481,8203061003,1228,1,1228,1228
820306100401,-1.683158,124.867097,723,4.52,Sanana&Dofa,Ternate,MALUKU UTARA,BIG_Settlements,723,43.51407058,8203061004,723,1,723,723
820306100501,-1.682607,124.826784,971,5.14,Sanana&Dofa,Ternate,MALUKU UTARA,BIG_Settlements,971,39.03046619,8203061005,971,1,971,971
820306100601,-1.657408,124.709636,1225,4.47,Sanana&Dofa,Ternate,MALUKU UTARA,BIG_Settlements,1225,25.96313969,8203061006,1225,1,1225,1225
820306100701,-1.644009,124.591108,625,4.96,Sanana&Dofa,Ternate,MALUKU UTARA,BIG_Settlements,625,12.97422806,8203061007,625,1,625,625
820306100801,-1.672657,124.511254,822,4.26,Sanana&Dofa,Ternate,MALUKU UTARA,BIG_Settlements,822,3.958150354,8203061008,822,1,822,822
820306100802,-1.665702,124.524099,1609,4.26,Sanana&Dofa,Ternate,MALUKU UTARA,BIG_Settlements,1609,5.303435213,8203061008,1609,1,1609,1609
820306100901,-1.663163,124.566925,224,5.09,Sanana&Dofa,Ternate,MALUKU UTARA,BIG_Settlements,224,10.07138651,8203061009,224,1,224,224
820306101001,-1.684066,124.799866,288,3.84,Sanana&Dofa,Ternate,MALUKU UTARA,BIG_Settlements,288,36.04800932,8203061010,288,1,288,288
820306101201,-1.709861,124.89878,52,4.52,Sanana&Dofa,Ternate,MALUKU UTARA,BIG_Settlements,52,47.25123733,8203061012,52,1,52,52
820306101202,-1.705434,124.93301,156,4.52,Sanana&Dofa,Ternate,MALUKU UTARA,BIG_Settlements,156,47.67352274,8203061012,156,1,156,156
820306101301,-1.670549,124.775849,144,3.79,Sanana&Dofa,Ternate,MALUKU UTARA,BIG_Settlements,144,33.32116862,8203061013,144,1,144,144
820306101401,-1.670325,124.748073,246,5.02,Sanana&Dofa,Ternate,MALUKU UTARA,BIG_Settlements,246,30.23051272,8203061014,246,1,246,246
820306101501,-1.692559,124.521629,352,4.24,Sanana&Dofa,Ternate,MALUKU UTARA,BIG_Settlements,352,5.859907576,8203061015,352,1,352,352
820306101699,-1.74870594672253,124.506060997707,212,4.61,Sanana&Dofa,Ternate,MALUKU UTARA,BPS_Centroids,212,9.779155569,8203061016,212,1,212,212
820306200101,-1.766857,124.368965,1012,4.4,Sanana&Dofa,Ternate,MALUKU UTARA,BIG_Settlements,2811,0.337834522,8203062001,1012,0.36,0,0
820306200201,-1.778816,124.368862,96,3.99,Sanana&Dofa,Ternate,MALUKU UTARA,BIG_Settlements,602,0.250723597,8203062002,96,0.16,0,0
820306200301,-1.78886,124.357362,168,4.5,Sanana&Dofa,Ternate,MALUKU UTARA,BIG_Settlements,351,0.053473634,8203062003,168,0.48,0,0
820306200401,-1.871453,124.34193,78,4.32,Sanana&Dofa,Ternate,MALUKU UTARA,BIG_Settlements,315,0.181668715,8203062004,78,0.25,0,0
820306300101,-1.664103,124.465047,1088,4.01,Sanana&Dofa,Ternate,MALUKU UTARA,BIG_Settlements,1088,1.2744975,8203063001,1088,1,1088,1088
820306300201,-1.665544,124.43837,681,4.18,Sanana&Dofa,Ternate,MALUKU UTARA,BIG_Settlements,681,0.122565705,8203063002,681,1,0,0
820306300301,-1.701032,124.368668,38,3.83,Sanana&Dofa,Ternate,MALUKU UTARA,BIG_Settlements,1689,2.989369267,8203063003,38,0.02,1689,1689
820306300601,-1.697878,124.371771,334,4.17,Sanana&Dofa,Ternate,MALUKU UTARA,BIG_Settlements,2325,2.614773818,8203063006,334,0.14,2325,2325
820306300799,-1.67636335005104,124.489916863304,194,4.97,Sanana&Dofa,Ternate,MALUKU UTARA,BPS_Centroids,194,1.934047962,8203063007,194,1,194,194
820306400199,-1.88238741224512,124.667887840038,1741,4.86,Sanana&Dofa,Ternate,MALUKU UTARA,BPS_Centroids,1741,32.0626336,8203064001,1741,1,1741,1741
820306400201,-1.865231,124.739356,160,4.61,Sanana&Dofa,Ternate,MALUKU UTARA,BIG_Settlements,160,36.64497152,8203064002,160,1,160,160
820306400202,-1.909875,124.786659,1980,4.61,Sanana&Dofa,Ternate,MALUKU UTARA,BIG_Settlements,1980,43.82092848,8203064002,1980,1,1980,1980
820306400301,-1.892909,124.851868,31,4.91,Sanana&Dofa,Ternate,MALUKU UTARA,BIG_Settlements,31,48.74615578,8203064003,31,1,31,31
820306400302,-1.892557,124.854099,73,4.91,Sanana&Dofa,Ternate,MALUKU UTARA,BIG_Settlements,73,48.93911895,8203064003,73,1,73,73
820306400303,-1.892926,124.848259,627,4.91,Sanana&Dofa,Ternate,MALUKU UTARA,BIG_Settlements,627,48.40346182,8203064003,627,1,627,627
820306400304,-1.891218,124.859649,177,4.91,Sanana&Dofa,Ternate,MALUKU UTARA,BIG_Settlements,177,49.39558506,8203064003,177,1,177,177
820306400305,-1.891639,124.864936,1203,4.91,Sanana&Dofa,Ternate,MALUKU UTARA,BIG_Settlements,1203,49.92749148,8203064003,1203,1,1203,1203
820306400401,-1.946733,124.709987,822,5.27,Sanana&Dofa,Ternate,MALUKU UTARA,BIG_Settlements,822,36.04932509,8203064004,822,1,822,822
820306400599,-1.89287453824541,124.634917410075,893,4.75,Sanana&Dofa,Ternate,MALUKU UTARA,BPS_Centroids,893,28.23728713,8203064005,893,1,893,893
820306400699,-1.84123414637519,124.715769360537,367,5.1,Sanana&Dofa,Ternate,MALUKU UTARA,BPS_Centroids,367,32.95904394,8203064006,367,1,367,367
820306400799,-1.90826724219756,124.732689129869,664,5.93,Sanana&Dofa,Ternate,MALUKU UTARA,BPS_Centroids,664,38.76029234,8203064007,664,1,664,664
