system (grid),system total,102.0
system (grid),system total discounted cost,81095291.6629
system (grid),system total discounted demand,195953229.23
system (grid),system total discounted recurring cost,61147340.5047
system (grid),system total existing network length,205736.664675
system (grid),system total external discounted recurring cost,4947883.03338
system (grid),system total external initial cost,9201509.9689
system (grid),system total initial cost,19947951.1583
system (grid),system total internal discounted recurring cost,56199457.4713
system (grid),system total internal initial cost,10746441.1894
system (grid),system total levelized cost,0.413850243661
system (grid),system total proposed network length,325155.213232
system (mini-grid),system total,27.0
system (mini-grid),system total discounted cost,8449852.52729
system (mini-grid),system total discounted demand,12158750.8228
system (mini-grid),system total discounted energy storage cost,5721765.09309
system (mini-grid),system total discounted generation cost,8188285.41179
system (mini-grid),system total discounted recurring cost,6464152.52728
system (mini-grid),system total initial cost,1985700.0
system (mini-grid),system total levelized cost,0.694960580278
system (off-grid),system total,0.0
system (off-grid),system total discounted cost,0.0
system (off-grid),system total discounted demand,0.0
system (off-grid),system total discounted diesel cost,0.0
system (off-grid),system total discounted diesel fuel cost,0.0
system (off-grid),system total discounted recurring cost,0.0
system (off-grid),system total initial cost,0.0
system (off-grid),system total levelized cost,0
