PROJ.4 +proj=longlat +ellps=WGS84 +datum=WGS84 +no_defs
Name,X,Y,Desa,Distance_to_nearest_line_km,Ei_subarea,Full_population_2010_census_big_method,Ho_size,Pln_cabang,Pop,Pop_buffer_hybrid,Pop_outside_1kmbuffer,Population_buffer_corrected,Provinsi,Settlementtargetelectrificationrate_2010census,Xy_source
820302200301,126.059523,-2.39741,8203022003,0.099654414,Sanana&Dofa,465,6.11,Ternate,0,465,0,465,MALUKU UTARA,1,BIG_Settlements
820302100103,126.021053,-2.310452,8203021001,0.009596763,Sanana&Dofa,835,5.14,Ternate,0,93,0,0,MALUKU UTARA,0,BIG_Settlements
820301000502,125.89339,-2.18147,8203010005,1.304207423,Sanana&Dofa,84,4.91,Ternate,84,84,84,84,MALUKU UTARA,1,BIG_Settlements
820303100303,125.887304,-1.920739,8203031003,0.59834912,Sanana&Dofa,26,5.01,Ternate,0,11,0,26,MALUKU UTARA,1,BIG_Settlements
820303100501,125.936091,-1.92674,8203031005,0.203326601,Sanana&Dofa,2065,5.39,Ternate,0,1471,0,1682,MALUKU UTARA,0.81,BIG_Settlements
820302002501,125.980891,-2.054564,8203020025,0.034300608,Sanana&Dofa,4058,5.43,Ternate,0,1326,0,1326,MALUKU UTARA,0.33,BIG_Settlements
820306002599,124.454148706781,-1.95211515405292,8203060025,7.653140723,Sanana&Dofa,35,3.18,Ternate,35,35,35,35,MALUKU UTARA,1,BPS_Centroids
820303200201,126.207432,-1.866336,8203032002,7.588363831,Sanana&Dofa,401,5.35,Ternate,401,167,401,167,MALUKU UTARA,0.42,BIG_Settlements
820306400202,124.786659,-1.909875,8203064002,43.82092848,Sanana&Dofa,1980,4.61,Ternate,1980,1980,1980,1980,MALUKU UTARA,1,BIG_Settlements
820302002301,125.981347,-2.061348,8203020023,0.206367942,Sanana&Dofa,1555,4.74,Ternate,0,301,0,301,MALUKU UTARA,0.19,BIG_Settlements
820302200501,126.07028,-2.430087,8203022005,2.53825491,Sanana&Dofa,422,6.64,Ternate,422,422,422,422,MALUKU UTARA,1,BIG_Settlements
820304001501,125.3301,-1.839113,8203040015,2.453159073,Sanana&Dofa,1122,4.66,Ternate,1122,335,1122,335,MALUKU UTARA,0.3,BIG_Settlements
820304000301,125.409467,-1.784736,8203040003,1.13874124,Sanana&Dofa,1519,3.88,Ternate,1519,489,1519,489,MALUKU UTARA,0.32,BIG_Settlements
820304100601,125.608997,-1.822223,8203041006,23.64249163,Sanana&Dofa,476,4.58,Ternate,476,476,476,476,MALUKU UTARA,1,BIG_Settlements
820304200202,125.58182,-1.928059,8203042002,25.82569713,Sanana&Dofa,30,4.84,Ternate,30,30,30,30,MALUKU UTARA,1,BIG_Settlements
820305000701,125.108218,-1.700103,8203050007,29.66241041,Sanana&Dofa,870,5.3,Ternate,870,870,870,870,MALUKU UTARA,1,BIG_Settlements
820306400301,124.851868,-1.892909,8203064003,48.74615578,Sanana&Dofa,31,4.91,Ternate,31,31,31,31,MALUKU UTARA,1,BIG_Settlements
820303000902,126.033108,-1.884617,8203030009,1.110030551,Sanana&Dofa,81,5.29,Ternate,81,12,81,0,MALUKU UTARA,0,BIG_Settlements
820302001902,125.968268,-2.08879,8203020019,0.513636471,Sanana&Dofa,1505,5.59,Ternate,0,0,0,0,MALUKU UTARA,0,BIG_Settlements
820306100701,124.591108,-1.644009,8203061007,12.97422806,Sanana&Dofa,625,4.96,Ternate,625,625,625,625,MALUKU UTARA,1,BIG_Settlements
820302002001,125.970322,-2.084338,8203020020,0.717016173,Sanana&Dofa,1022,5.27,Ternate,0,250,0,456,MALUKU UTARA,0.45,BIG_Settlements
820302300603,125.902396,-1.985766,8203023006,0.047051107,Sanana&Dofa,35,4.53,Ternate,0,35,0,35,MALUKU UTARA,1,BIG_Settlements
820305000903,125.095929,-1.761269,8203050009,28.56977199,Sanana&Dofa,421,3.9,Ternate,421,421,421,421,MALUKU UTARA,1,BIG_Settlements
820304200401,125.664321,-1.930689,8203042004,23.43520418,Sanana&Dofa,107,4.92,Ternate,107,107,107,107,MALUKU UTARA,1,BIG_Settlements
820304200502,125.706702,-1.929002,8203042005,18.72812054,Sanana&Dofa,186,5.38,Ternate,186,186,186,186,MALUKU UTARA,1,BIG_Settlements
820306300601,124.371771,-1.697878,8203063006,2.614773818,Sanana&Dofa,2325,4.17,Ternate,2325,334,2325,334,MALUKU UTARA,0.14,BIG_Settlements
820306002601,124.38357,-1.954762,8203060026,1.351932107,Sanana&Dofa,1075,4.23,Ternate,1075,479,1075,479,MALUKU UTARA,0.45,BIG_Settlements
820303100601,125.903871,-1.934608,8203031006,0.209845993,Sanana&Dofa,404,5.18,Ternate,0,161,0,161,MALUKU UTARA,0.4,BIG_Settlements
820306000401,124.54392,-2.009094,8203060004,19.035095,Sanana&Dofa,1368,4.23,Ternate,1368,1368,1368,1368,MALUKU UTARA,1,BIG_Settlements
820304100101,125.478671,-1.792136,8203041001,8.776823732,Sanana&Dofa,6880,4.17,Ternate,6880,4459,6880,4459,MALUKU UTARA,0.65,BIG_Settlements
820303100401,125.812653,-1.823382,8203031004,11.64251603,Sanana&Dofa,222,4.99,Ternate,222,222,222,222,MALUKU UTARA,1,BIG_Settlements
820302002201,125.981374,-2.0655,8203020022,0.150246335,Sanana&Dofa,3427,4.7,Ternate,0,685,0,685,MALUKU UTARA,0.2,BIG_Settlements
820302300601,125.901588,-1.986228,8203023006,0.108705084,Sanana&Dofa,39,4.53,Ternate,0,39,0,39,MALUKU UTARA,1,BIG_Settlements
820306100601,124.709636,-1.657408,8203061006,25.96313969,Sanana&Dofa,1225,4.47,Ternate,1225,1225,1225,1225,MALUKU UTARA,1,BIG_Settlements
820303100101,125.766703,-1.919889,8203031001,11.98229892,Sanana&Dofa,667,4.48,Ternate,667,667,667,667,MALUKU UTARA,1,BIG_Settlements
820306300201,124.43837,-1.665544,8203063002,0.122565705,Sanana&Dofa,681,4.18,Ternate,0,681,0,681,MALUKU UTARA,1,BIG_Settlements
820303100702,125.880649,-1.913417,8203031007,0.067132578,Sanana&Dofa,276,4.67,Ternate,0,21,0,13,MALUKU UTARA,0.05,BIG_Settlements
820304100301,125.510781,-1.779039,8203041003,12.23232539,Sanana&Dofa,19,4.26,Ternate,19,19,19,19,MALUKU UTARA,1,BIG_Settlements
820306300799,124.489916863304,-1.67636335005104,8203063007,1.934047962,Sanana&Dofa,194,4.97,Ternate,194,194,194,194,MALUKU UTARA,1,BPS_Centroids
820304000201,125.354352,-1.806076,8203040002,2.123364019,Sanana&Dofa,2124,4.41,Ternate,2124,455,2124,455,MALUKU UTARA,0.21,BIG_Settlements
820303200101,126.164305,-1.883743,8203032001,2.476896211,Sanana&Dofa,1264,5.9,Ternate,1264,789,1264,684,MALUKU UTARA,0.54,BIG_Settlements
820305100201,124.945261,-1.926499,8203051002,45.95004372,Sanana&Dofa,910,4.08,Ternate,910,910,910,910,MALUKU UTARA,1,BIG_Settlements
820306100201,124.693876,-1.653226,8203061002,24.23156314,Sanana&Dofa,714,5.17,Ternate,714,714,714,714,MALUKU UTARA,1,BIG_Settlements
820303200401,126.481016,-1.828733,8203032004,38.23091549,Sanana&Dofa,348,6.21,Ternate,348,348,348,348,MALUKU UTARA,1,BIG_Settlements
820304200199,125.494369203004,-1.89509999084457,8203042001,15.71468617,Sanana&Dofa,909,5.08,Ternate,909,909,909,909,MALUKU UTARA,1,BPS_Centroids
820302002103,125.979527,-2.06964,8203020021,0.079327385,Sanana&Dofa,3622,5.48,Ternate,0,667,0,477,MALUKU UTARA,0.13,BIG_Settlements
820302100101,126.022707,-2.315438,8203021001,0.032678436,Sanana&Dofa,183,5.14,Ternate,0,20,0,45,MALUKU UTARA,0.24,BIG_Settlements
820306002201,124.344006,-1.905909,8203060022,0.163491396,Sanana&Dofa,275,3.93,Ternate,0,60,0,60,MALUKU UTARA,0.22,BIG_Settlements
820304200601,125.678848,-1.929874,8203042006,21.81839464,Sanana&Dofa,767,5.15,Ternate,767,767,767,767,MALUKU UTARA,1,BIG_Settlements
820306400599,124.634917410075,-1.89287453824541,8203064005,28.23728713,Sanana&Dofa,893,4.75,Ternate,893,893,893,893,MALUKU UTARA,1,BPS_Centroids
820306101401,124.748073,-1.670325,8203061014,30.23051272,Sanana&Dofa,246,5.02,Ternate,246,246,246,246,MALUKU UTARA,1,BIG_Settlements
820301100401,125.959436,-2.325511,8203011004,1.136579222,Sanana&Dofa,622,5.14,Ternate,622,622,622,622,MALUKU UTARA,1,BIG_Settlements
820302001801,125.962094,-2.107754,8203020018,0.242636494,Sanana&Dofa,1127,5.47,Ternate,0,56,0,56,MALUKU UTARA,0.05,BIG_Settlements
820302300604,125.89963,-1.985669,8203023006,0.126735951,Sanana&Dofa,222,4.53,Ternate,0,222,0,222,MALUKU UTARA,1,BIG_Settlements
820302200502,126.065873,-2.409419,8203022005,0.227384439,Sanana&Dofa,26,6.64,Ternate,0,26,0,26,MALUKU UTARA,1,BIG_Settlements
820302200205,126.070769,-2.431369,8203022002,2.688925116,Sanana&Dofa,269,4.98,Ternate,269,269,269,269,MALUKU UTARA,1,BIG_Settlements
820304200402,125.66296,-1.930765,8203042004,23.58668869,Sanana&Dofa,329,4.92,Ternate,329,329,329,329,MALUKU UTARA,1,BIG_Settlements
820303000601,125.983668,-1.91519,8203030006,0.149560673,Sanana&Dofa,1850,5.57,Ternate,0,195,0,195,MALUKU UTARA,0.11,BIG_Settlements
820306100401,124.867097,-1.683158,8203061004,43.51407058,Sanana&Dofa,723,4.52,Ternate,723,723,723,723,MALUKU UTARA,1,BIG_Settlements
820301100501,125.960481,-2.357481,8203011005,0.128962042,Sanana&Dofa,508,6.12,Ternate,0,508,0,508,MALUKU UTARA,1,BIG_Settlements
820302300501,125.990729,-2.03425,8203023005,0.063844186,Sanana&Dofa,894,5.32,Ternate,0,0,0,0,MALUKU UTARA,0,BIG_Settlements
820302002004,125.974231,-2.0762,8203020020,0.296357654,Sanana&Dofa,603,5.27,Ternate,0,147,0,0,MALUKU UTARA,0,BIG_Settlements
820302100501,125.968863,-2.197214,8203021005,0.042291165,Sanana&Dofa,515,5,Ternate,0,95,0,0,MALUKU UTARA,0,BIG_Settlements
820301001001,125.858721,-2.084364,8203010010,0.994967676,Sanana&Dofa,306,5.19,Ternate,0,306,0,306,MALUKU UTARA,1,BIG_Settlements
820302002401,125.979462,-2.058148,8203020024,0.089067578,Sanana&Dofa,2812,5.11,Ternate,0,361,0,361,MALUKU UTARA,0.13,BIG_Settlements
820306400199,124.667887840038,-1.88238741224512,8203064001,32.0626336,Sanana&Dofa,1741,4.86,Ternate,1741,1741,1741,1741,MALUKU UTARA,1,BPS_Centroids
820303000701,126.046913,-1.888912,8203030007,0.922752908,Sanana&Dofa,75,4.89,Ternate,0,31,0,0,MALUKU UTARA,0,BIG_Settlements
820306400303,124.848259,-1.892926,8203064003,48.40346182,Sanana&Dofa,627,4.91,Ternate,627,627,627,627,MALUKU UTARA,1,BIG_Settlements
820306001601,124.39746,-2.028819,8203060016,9.585209034,Sanana&Dofa,180,4.53,Ternate,180,180,180,180,MALUKU UTARA,1,BIG_Settlements
820306400401,124.709987,-1.946733,8203064004,36.04932509,Sanana&Dofa,822,5.27,Ternate,822,822,822,822,MALUKU UTARA,1,BIG_Settlements
820305100901,125.290572,-1.887931,8203051009,9.40365759,Sanana&Dofa,207,5.05,Ternate,207,207,207,207,MALUKU UTARA,1,BIG_Settlements
820301100201,125.960659,-2.361082,8203011002,0.072569011,Sanana&Dofa,907,6.21,Ternate,0,907,0,907,MALUKU UTARA,1,BIG_Settlements
820302100102,126.022523,-2.314341,8203021001,0.140473609,Sanana&Dofa,77,5.14,Ternate,0,9,0,77,MALUKU UTARA,1,BIG_Settlements
820301000501,125.88403,-2.185961,8203010005,1.88485222,Sanana&Dofa,314,4.91,Ternate,314,314,314,314,MALUKU UTARA,1,BIG_Settlements
820305000901,125.073945,-1.788824,8203050009,30.42582152,Sanana&Dofa,80,3.9,Ternate,80,80,80,80,MALUKU UTARA,1,BIG_Settlements
820306101201,124.89878,-1.709861,8203061012,47.25123733,Sanana&Dofa,52,4.52,Ternate,52,52,52,52,MALUKU UTARA,1,BIG_Settlements
820303100801,125.804672,-1.909581,8203031008,7.697133484,Sanana&Dofa,282,4.55,Ternate,282,282,282,282,MALUKU UTARA,1,BIG_Settlements
820302300202,125.932954,-1.98024,8203023002,0.134144045,Sanana&Dofa,598,5.57,Ternate,0,102,0,116,MALUKU UTARA,0.19,BIG_Settlements
820306002301,124.404498,-2.04431,8203060023,11.39744586,Sanana&Dofa,676,3.6,Ternate,676,676,676,676,MALUKU UTARA,1,BIG_Settlements
820305100601,125.081022,-1.885638,8203051006,30.20469255,Sanana&Dofa,276,4.6,Ternate,276,276,276,276,MALUKU UTARA,1,BIG_Settlements
820302001501,125.957307,-2.141289,8203020015,0.341806764,Sanana&Dofa,1128,5.33,Ternate,0,190,0,331,MALUKU UTARA,0.29,BIG_Settlements
820305100402,125.033305,-1.876174,8203051004,35.20461336,Sanana&Dofa,448,5.66,Ternate,448,448,448,448,MALUKU UTARA,1,BIG_Settlements
820306002403,124.508609,-1.963745,8203060024,13.83738195,Sanana&Dofa,37,4.35,Ternate,37,37,37,37,MALUKU UTARA,1,BIG_Settlements
820302200204,126.062116,-2.450169,8203022002,4.682763741,Sanana&Dofa,30,4.98,Ternate,30,30,30,30,MALUKU UTARA,1,BIG_Settlements
820304000401,125.453147,-1.795195,8203040004,6.082145232,Sanana&Dofa,796,4.37,Ternate,796,467,796,467,MALUKU UTARA,0.59,BIG_Settlements
820306400699,124.715769360537,-1.84123414637519,8203064006,32.95904394,Sanana&Dofa,367,5.1,Ternate,367,367,367,367,MALUKU UTARA,1,BPS_Centroids
820303200301,126.260597,-1.866913,8203032003,13.34745831,Sanana&Dofa,1086,6.14,Ternate,1086,1086,1086,1086,MALUKU UTARA,1,BIG_Settlements
820304100501,125.526011,-1.806527,8203041005,14.25018861,Sanana&Dofa,464,4.26,Ternate,464,464,464,464,MALUKU UTARA,1,BIG_Settlements
820303100402,125.870094,-1.809217,8203031004,11.01549704,Sanana&Dofa,304,4.99,Ternate,304,304,304,304,MALUKU UTARA,1,BIG_Settlements
820306400799,124.732689129869,-1.90826724219756,8203064007,38.76029234,Sanana&Dofa,664,5.93,Ternate,664,664,664,664,MALUKU UTARA,1,BPS_Centroids
820304200501,125.705704,-1.929038,8203042005,18.83884813,Sanana&Dofa,53,5.38,Ternate,53,53,53,53,MALUKU UTARA,1,BIG_Settlements
820302200203,126.0682,-2.453355,8203022002,5.04249353,Sanana&Dofa,51,4.98,Ternate,51,51,51,51,MALUKU UTARA,1,BIG_Settlements
820306200201,124.368862,-1.778816,8203062002,0.250723597,Sanana&Dofa,602,3.99,Ternate,0,96,0,96,MALUKU UTARA,0.16,BIG_Settlements
820303000801,126.118316,-1.8848,8203030008,2.559333121,Sanana&Dofa,74,4.51,Ternate,74,8,74,61,MALUKU UTARA,0.82,BIG_Settlements
820304100302,125.513554,-1.779117,8203041003,12.54085828,Sanana&Dofa,437,4.26,Ternate,437,437,437,437,MALUKU UTARA,1,BIG_Settlements
820302300201,125.933362,-1.982361,8203023002,0.07951607,Sanana&Dofa,82,5.57,Ternate,0,14,0,0,MALUKU UTARA,0,BIG_Settlements
820301000401,125.919245,-2.263234,8203010004,0.156340397,Sanana&Dofa,1156,5.43,Ternate,0,1156,0,1156,MALUKU UTARA,1,BIG_Settlements
820302300605,125.913774,-1.983041,8203023006,0.071574953,Sanana&Dofa,38,4.53,Ternate,0,38,0,38,MALUKU UTARA,1,BIG_Settlements
820302200503,126.06388,-2.405849,8203022005,0.019281379,Sanana&Dofa,163,6.64,Ternate,0,163,0,163,MALUKU UTARA,1,BIG_Settlements
820301000901,125.865308,-2.107086,8203010009,0.763792294,Sanana&Dofa,735,4.51,Ternate,0,735,0,735,MALUKU UTARA,1,BIG_Settlements
820306100101,124.556256,-1.646366,8203061001,9.124087262,Sanana&Dofa,1289,3.91,Ternate,1289,1289,1289,1289,MALUKU UTARA,1,BIG_Settlements
820304100799,125.578724718151,-1.84303311821017,8203041007,21.00940283,Sanana&Dofa,358,3.62,Ternate,358,358,358,358,MALUKU UTARA,1,BPS_Centroids
820303100301,125.895169,-1.925986,8203031003,0.046212724,Sanana&Dofa,259,5.01,Ternate,0,112,0,46,MALUKU UTARA,0.18,BIG_Settlements
820303200303,126.276214,-1.821896,8203032003,16.52380974,Sanana&Dofa,204,6.14,Ternate,204,204,204,204,MALUKU UTARA,1,BIG_Settlements
820301000601,125.886326,-2.155465,8203010006,1.672050896,Sanana&Dofa,1089,5.09,Ternate,1089,1089,1089,1089,MALUKU UTARA,1,BIG_Settlements
820301100302,125.932552,-2.28755,8203011003,0.158510819,Sanana&Dofa,93,5.26,Ternate,0,93,0,93,MALUKU UTARA,1,BIG_Settlements
820306100501,124.826784,-1.682607,8203061005,39.03046619,Sanana&Dofa,971,5.14,Ternate,971,971,971,971,MALUKU UTARA,1,BIG_Settlements
820305100501,125.156954,-1.871689,8203051005,21.63268473,Sanana&Dofa,528,4.71,Ternate,528,528,528,528,MALUKU UTARA,1,BIG_Settlements
820304001601,125.365779,-1.860787,8203040016,4.753128057,Sanana&Dofa,40,5.53,Ternate,40,40,40,40,MALUKU UTARA,1,BIG_Settlements
820304200504,125.712029,-1.928673,8203042005,18.13535048,Sanana&Dofa,95,5.38,Ternate,95,95,95,95,MALUKU UTARA,1,BIG_Settlements
820303100502,125.947425,-1.919842,8203031005,0.103709169,Sanana&Dofa,297,5.39,Ternate,0,211,0,0,MALUKU UTARA,0,BIG_Settlements
820306400302,124.854099,-1.892557,8203064003,48.93911895,Sanana&Dofa,73,4.91,Ternate,73,73,73,73,MALUKU UTARA,1,BIG_Settlements
820304200403,125.660418,-1.930482,8203042004,23.86491091,Sanana&Dofa,481,4.92,Ternate,481,481,481,481,MALUKU UTARA,1,BIG_Settlements
820301000801,125.880975,-2.193113,8203010008,1.934344214,Sanana&Dofa,1023,5.59,Ternate,1023,1023,1023,1023,MALUKU UTARA,1,BIG_Settlements
820305100301,124.989058,-1.930727,8203051003,41.37962389,Sanana&Dofa,991,5.39,Ternate,991,991,991,991,MALUKU UTARA,1,BIG_Settlements
820304200503,125.704492,-1.928915,8203042005,18.97117744,Sanana&Dofa,161,5.38,Ternate,161,161,161,161,MALUKU UTARA,1,BIG_Settlements
820306002401,124.478153,-2.019805,8203060024,13.32158802,Sanana&Dofa,64,4.35,Ternate,64,64,64,64,MALUKU UTARA,1,BIG_Settlements
820306000101,124.384134,-1.946166,8203060001,0.428896372,Sanana&Dofa,1800,4.48,Ternate,0,1170,0,1160,MALUKU UTARA,0.64,BIG_Settlements
820305100401,125.016,-1.911728,8203051004,37.92338338,Sanana&Dofa,525,5.66,Ternate,525,525,525,525,MALUKU UTARA,1,BIG_Settlements
820303100403,125.949087,-1.798491,8203031004,13.04805238,Sanana&Dofa,113,4.99,Ternate,113,113,113,113,MALUKU UTARA,1,BIG_Settlements
820306001801,124.315619,-1.790492,8203060018,4.175294273,Sanana&Dofa,1669,4.6,Ternate,1669,1669,1669,1669,MALUKU UTARA,1,BIG_Settlements
820302200202,126.066252,-2.456809,8203022002,5.410888434,Sanana&Dofa,132,4.98,Ternate,132,132,132,132,MALUKU UTARA,1,BIG_Settlements
820306000103,124.38028,-1.941763,8203060001,0.561450576,Sanana&Dofa,9,4.48,Ternate,0,6,0,9,MALUKU UTARA,1,BIG_Settlements
820303200102,126.208502,-1.815756,8203032001,10.73510857,Sanana&Dofa,277,5.9,Ternate,277,173,277,277,MALUKU UTARA,1,BIG_Settlements
820302300499,125.974017988079,-2.0056625022173,8203023004,0.367275048,Sanana&Dofa,1392,6.36,Ternate,0,732,0,732,MALUKU UTARA,0.53,BPS_Centroids
820304200404,125.664861,-1.930152,8203042004,23.36943072,Sanana&Dofa,38,4.92,Ternate,38,38,38,38,MALUKU UTARA,1,BIG_Settlements
820302100601,126.031502,-2.332486,8203021006,0.136573964,Sanana&Dofa,33,5.5,Ternate,0,19,0,0,MALUKU UTARA,0,BIG_Settlements
820305000601,125.197811,-1.734613,8203050006,19.09098983,Sanana&Dofa,927,4.27,Ternate,927,927,927,927,MALUKU UTARA,1,BIG_Settlements
820301100301,125.935381,-2.289962,8203011003,0.144795397,Sanana&Dofa,749,5.26,Ternate,0,749,0,749,MALUKU UTARA,1,BIG_Settlements
820302100499,125.97188742268,-2.23900372802592,8203021004,1.604945348,Sanana&Dofa,671,5.08,Ternate,671,210,671,210,MALUKU UTARA,0.31,BPS_Centroids
820306100301,124.807554,-1.68008,8203061003,36.88004481,Sanana&Dofa,1228,4.37,Ternate,1228,1228,1228,1228,MALUKU UTARA,1,BIG_Settlements
820302002102,125.97682,-2.072015,8203020021,0.403447886,Sanana&Dofa,56,5.48,Ternate,0,10,0,56,MALUKU UTARA,1,BIG_Settlements
820302200302,126.058839,-2.391966,8203022003,0.065885301,Sanana&Dofa,213,6.11,Ternate,0,213,0,213,MALUKU UTARA,1,BIG_Settlements
820303000901,126.022013,-1.897253,8203030009,0.167218604,Sanana&Dofa,174,5.29,Ternate,0,25,0,0,MALUKU UTARA,0,BIG_Settlements
820302100201,126.003832,-2.265728,8203021002,0.104510312,Sanana&Dofa,901,6.12,Ternate,0,84,0,92,MALUKU UTARA,0.1,BIG_Settlements
820305100801,125.230109,-1.870348,8203051008,13.83979653,Sanana&Dofa,179,4.37,Ternate,179,179,179,179,MALUKU UTARA,1,BIG_Settlements
820306400304,124.859649,-1.891218,8203064003,49.39558506,Sanana&Dofa,177,4.91,Ternate,177,177,177,177,MALUKU UTARA,1,BIG_Settlements
820304001799,125.436786217232,-1.88536817360541,8203040017,10.43807982,Sanana&Dofa,134,4.62,Ternate,134,134,134,134,MALUKU UTARA,1,BPS_Centroids
820302300602,125.903961,-1.986079,8203023006,0.130491736,Sanana&Dofa,10,4.53,Ternate,0,10,0,10,MALUKU UTARA,1,BIG_Settlements
820306101501,124.521629,-1.692559,8203061015,5.859907576,Sanana&Dofa,352,4.24,Ternate,352,352,352,352,MALUKU UTARA,1,BIG_Settlements
820302300102,125.95346,-1.988873,8203023001,0.193024542,Sanana&Dofa,282,4.93,Ternate,0,6,0,24,MALUKU UTARA,0.09,BIG_Settlements
820303000903,126.03435,-1.870847,8203030009,2.587304759,Sanana&Dofa,126,5.29,Ternate,126,18,126,56,MALUKU UTARA,0.44,BIG_Settlements
820302300701,125.865446,-2.044921,8203023007,0.580198954,Sanana&Dofa,328,5.38,Ternate,0,328,0,328,MALUKU UTARA,1,BIG_Settlements
820302002601,125.968802,-2.054053,8203020026,1.302865337,Sanana&Dofa,1513,5.37,Ternate,1513,476,1513,476,MALUKU UTARA,0.31,BIG_Settlements
820306101001,124.799866,-1.684066,8203061010,36.04800932,Sanana&Dofa,288,3.84,Ternate,288,288,288,288,MALUKU UTARA,1,BIG_Settlements
820302300101,125.968734,-2.005558,8203023001,0.124730367,Sanana&Dofa,862,4.93,Ternate,0,18,0,0,MALUKU UTARA,0,BIG_Settlements
820306000102,124.381264,-1.9424,8203060001,0.52718417,Sanana&Dofa,18,4.48,Ternate,0,12,0,18,MALUKU UTARA,1,BIG_Settlements
820302002101,125.976154,-2.073948,8203020021,0.621810314,Sanana&Dofa,177,5.48,Ternate,0,33,0,177,MALUKU UTARA,1,BIG_Settlements
820304100303,125.50932,-1.779199,8203041003,12.06975522,Sanana&Dofa,547,4.26,Ternate,547,547,547,547,MALUKU UTARA,1,BIG_Settlements
820303001001,125.962402,-1.917301,8203030010,0.137031469,Sanana&Dofa,421,6.01,Ternate,0,63,0,63,MALUKU UTARA,0.15,BIG_Settlements
820302100602,126.018903,-2.32399,8203021006,0.217002526,Sanana&Dofa,187,5.5,Ternate,0,108,0,127,MALUKU UTARA,0.68,BIG_Settlements
820304100306,125.510177,-1.778512,8203041003,12.16533601,Sanana&Dofa,24,4.26,Ternate,24,24,24,24,MALUKU UTARA,1,BIG_Settlements
820302001502,125.958803,-2.132538,8203020015,0.004814955,Sanana&Dofa,837,5.33,Ternate,0,141,0,0,MALUKU UTARA,0,BIG_Settlements
820306002799,124.370874385038,-1.90113987195747,8203060027,1.805677629,Sanana&Dofa,77,3.85,Ternate,77,77,77,77,MALUKU UTARA,1,BPS_Centroids
820303200302,126.291887,-1.826565,8203032003,17.91657917,Sanana&Dofa,197,6.14,Ternate,197,197,197,197,MALUKU UTARA,1,BIG_Settlements
820303100302,125.890107,-1.9224,8203031003,0.34871489,Sanana&Dofa,91,5.01,Ternate,0,39,0,91,MALUKU UTARA,1,BIG_Settlements
820306400201,124.739356,-1.865231,8203064002,36.64497152,Sanana&Dofa,160,4.61,Ternate,160,160,160,160,MALUKU UTARA,1,BIG_Settlements
820302200101,126.025577,-2.463347,8203022001,7.509256105,Sanana&Dofa,636,5.34,Ternate,636,636,636,636,MALUKU UTARA,1,BIG_Settlements
820306300301,124.368668,-1.701032,8203063003,2.989369267,Sanana&Dofa,1689,3.83,Ternate,1689,38,1689,38,MALUKU UTARA,0.02,BIG_Settlements
820301100101,125.972846,-2.401175,8203011001,0.039900508,Sanana&Dofa,1419,6.22,Ternate,0,1419,0,1419,MALUKU UTARA,1,BIG_Settlements
820303100701,125.886498,-1.919974,8203031007,0.476759922,Sanana&Dofa,9,4.67,Ternate,0,1,0,9,MALUKU UTARA,1,BIG_Settlements
820305100101,124.895744,-1.925645,8203051001,51.28372143,Sanana&Dofa,588,4.26,Ternate,588,588,588,588,MALUKU UTARA,1,BIG_Settlements
820303000802,126.110066,-1.881879,8203030008,1.596369514,Sanana&Dofa,499,4.51,Ternate,499,53,499,0,MALUKU UTARA,0,BIG_Settlements
820306200101,124.368965,-1.766857,8203062001,0.337834522,Sanana&Dofa,2811,4.4,Ternate,0,1012,0,1012,MALUKU UTARA,0.36,BIG_Settlements
820302001901,125.965833,-2.093898,8203020019,0.104381705,Sanana&Dofa,640,5.59,Ternate,0,0,0,0,MALUKU UTARA,0,BIG_Settlements
820302002002,125.971106,-2.082326,8203020020,0.478619268,Sanana&Dofa,121,5.27,Ternate,0,30,0,0,MALUKU UTARA,0,BIG_Settlements
820306000402,124.562219,-1.951105,8203060004,19.62821163,Sanana&Dofa,76,4.23,Ternate,76,76,76,76,MALUKU UTARA,1,BIG_Settlements
820303100201,125.874846,-1.909412,8203031002,0.122553468,Sanana&Dofa,1366,4.84,Ternate,0,195,0,195,MALUKU UTARA,0.14,BIG_Settlements
820306100802,124.524099,-1.665702,8203061008,5.303435213,Sanana&Dofa,1609,4.26,Ternate,1609,1609,1609,1609,MALUKU UTARA,1,BIG_Settlements
820305100701,125.136235,-1.874405,8203051007,23.94178195,Sanana&Dofa,265,4.65,Ternate,265,265,265,265,MALUKU UTARA,1,BIG_Settlements
820302002003,125.97191,-2.079256,8203020020,0.13080114,Sanana&Dofa,119,5.27,Ternate,0,29,0,0,MALUKU UTARA,0,BIG_Settlements
820306001602,124.398429,-2.002381,8203060016,6.725375965,Sanana&Dofa,382,4.53,Ternate,382,382,382,382,MALUKU UTARA,1,BIG_Settlements
820302001701,125.958394,-2.12945,8203020017,0.0279137,Sanana&Dofa,579,5.48,Ternate,0,54,0,0,MALUKU UTARA,0,BIG_Settlements
820304100305,125.510579,-1.778611,8203041003,12.21000276,Sanana&Dofa,19,4.26,Ternate,19,19,19,19,MALUKU UTARA,1,BIG_Settlements
820303000702,126.065826,-1.882403,8203030007,0.138358129,Sanana&Dofa,540,4.89,Ternate,0,221,0,0,MALUKU UTARA,0,BIG_Settlements
820306101301,124.775849,-1.670549,8203061013,33.32116862,Sanana&Dofa,144,3.79,Ternate,144,144,144,144,MALUKU UTARA,1,BIG_Settlements
820302200201,126.063259,-2.461538,8203022002,5.931558402,Sanana&Dofa,21,4.98,Ternate,21,21,21,21,MALUKU UTARA,1,BIG_Settlements
820302200601,126.052243,-2.381592,8203022006,0.047403345,Sanana&Dofa,209,6.15,Ternate,0,209,0,209,MALUKU UTARA,1,BIG_Settlements
820306100801,124.511254,-1.672657,8203061008,3.958150354,Sanana&Dofa,822,4.26,Ternate,822,822,822,822,MALUKU UTARA,1,BIG_Settlements
820304100201,125.583322,-1.811336,8203041002,20.61142567,Sanana&Dofa,362,4.31,Ternate,362,362,362,362,MALUKU UTARA,1,BIG_Settlements
820304100402,125.732701,-1.821017,8203041004,18.46117439,Sanana&Dofa,276,4.04,Ternate,276,276,276,276,MALUKU UTARA,1,BIG_Settlements
820306100901,124.566925,-1.663163,8203061009,10.07138651,Sanana&Dofa,224,5.09,Ternate,224,224,224,224,MALUKU UTARA,1,BIG_Settlements
820306002101,124.342524,-1.899325,8203060021,0.13767062,Sanana&Dofa,1138,3.95,Ternate,0,209,0,209,MALUKU UTARA,0.18,BIG_Settlements
820305000902,125.099186,-1.761648,8203050009,28.20789619,Sanana&Dofa,166,3.9,Ternate,166,166,166,166,MALUKU UTARA,1,BIG_Settlements
820302100302,125.976783,-2.215962,8203021003,0.132791577,Sanana&Dofa,437,5.84,Ternate,0,20,0,33,MALUKU UTARA,0.08,BIG_Settlements
820303000704,126.043118,-1.862381,8203030007,2.776441876,Sanana&Dofa,270,4.89,Ternate,270,111,270,270,MALUKU UTARA,1,BIG_Settlements
820302200401,126.044352,-2.365467,8203022004,0.136081003,Sanana&Dofa,463,5.58,Ternate,0,463,0,463,MALUKU UTARA,1,BIG_Settlements
820306300101,124.465047,-1.664103,8203063001,1.2744975,Sanana&Dofa,1088,4.01,Ternate,1088,1088,1088,1088,MALUKU UTARA,1,BIG_Settlements
820304000102,125.376721,-1.881921,8203040001,7.384276976,Sanana&Dofa,552,4.49,Ternate,552,552,552,552,MALUKU UTARA,1,BIG_Settlements
820302100301,125.977561,-2.217891,8203021003,0.092762726,Sanana&Dofa,281,5.84,Ternate,0,13,0,0,MALUKU UTARA,0,BIG_Settlements
820304100304,125.508564,-1.778676,8203041003,11.98576871,Sanana&Dofa,33,4.26,Ternate,33,33,33,33,MALUKU UTARA,1,BIG_Settlements
820306002402,124.467342,-1.951473,8203060024,9.10193736,Sanana&Dofa,146,4.35,Ternate,146,146,146,146,MALUKU UTARA,1,BIG_Settlements
820304001602,125.372268,-1.845726,8203040016,3.911692916,Sanana&Dofa,43,5.53,Ternate,43,43,43,43,MALUKU UTARA,1,BIG_Settlements
820306400305,124.864936,-1.891639,8203064003,49.92749148,Sanana&Dofa,1203,4.91,Ternate,1203,1203,1203,1203,MALUKU UTARA,1,BIG_Settlements
820302300301,125.876059,-2.023149,8203023003,0.369171381,Sanana&Dofa,893,4.83,Ternate,0,893,0,893,MALUKU UTARA,1,BIG_Settlements
820303000703,126.035071,-1.871607,8203030007,2.48920176,Sanana&Dofa,191,4.89,Ternate,191,78,191,171,MALUKU UTARA,0.9,BIG_Settlements
820304200201,125.582451,-1.928746,8203042002,25.92483674,Sanana&Dofa,1326,4.84,Ternate,1326,1326,1326,1326,MALUKU UTARA,1,BIG_Settlements
820304100401,125.681346,-1.828103,8203041004,23.20248753,Sanana&Dofa,221,4.04,Ternate,221,221,221,221,MALUKU UTARA,1,BIG_Settlements
820302100502,125.95619,-2.165268,8203021005,0.292098725,Sanana&Dofa,1719,5,Ternate,0,317,0,412,MALUKU UTARA,0.24,BIG_Settlements
820306101202,124.93301,-1.705434,8203061012,47.67352274,Sanana&Dofa,156,4.52,Ternate,156,156,156,156,MALUKU UTARA,1,BIG_Settlements
820306200401,124.34193,-1.871453,8203062004,0.181668715,Sanana&Dofa,315,4.32,Ternate,0,78,0,78,MALUKU UTARA,0.25,BIG_Settlements
820302001702,125.96085,-2.111659,8203020017,0.210098112,Sanana&Dofa,281,5.48,Ternate,0,26,0,80,MALUKU UTARA,0.29,BIG_Settlements
820302100202,126.00044,-2.261651,8203021002,0.097250277,Sanana&Dofa,90,6.12,Ternate,0,8,0,0,MALUKU UTARA,0,BIG_Settlements
820306200301,124.357362,-1.78886,8203062003,0.053473634,Sanana&Dofa,351,4.5,Ternate,0,168,0,168,MALUKU UTARA,0.48,BIG_Settlements
820304200505,125.704843,-1.928774,8203042005,18.93058533,Sanana&Dofa,183,5.38,Ternate,183,183,183,183,MALUKU UTARA,1,BIG_Settlements
820306101699,124.506060997707,-1.74870594672253,8203061016,9.779155569,Sanana&Dofa,212,4.61,Ternate,212,212,212,212,MALUKU UTARA,1,BPS_Centroids
820305000801,125.284628,-1.791008,8203050008,7.617677053,Sanana&Dofa,1078,4.04,Ternate,1078,1078,1078,1078,MALUKU UTARA,1,BIG_Settlements
820305101099,125.211372513883,-1.85437549633393,8203051010,15.29701545,Sanana&Dofa,149,4.52,Ternate,149,149,149,149,MALUKU UTARA,1,BPS_Centroids
820304000101,125.379373,-1.882638,8203040001,7.596978095,Sanana&Dofa,754,4.49,Ternate,754,754,754,754,MALUKU UTARA,1,BIG_Settlements
